{
  "imageSizes": {
    "petHeadshot (70px x 70px)": {
      "width": "70px",
      "height": "70px",
      "alternateFormats": [
        "webp"
      ]
    }
  },
  "styles": {
    "/themingArticle": {
      "fields": {
        "showHappyFace": {
          "type": "boolean"
        },
        "happyFaceColor": {
          "type": "color"
        }
      }
    }
  },
  "themeFields": {
    "primaryColor": {
      "displayName": "Primary Color",
      "type": "color",
      "cms.ui.placeholder": "#ff0083"
    },
    "secondaryColor": {
      "displayName": "Secondary Color",
      "type": "color",
      "cms.ui.placeholder": "#ff4da8"

    },
    "primaryTextColor": {
      "displayName": "Primary Text Color",
      "type": "color",
      "cms.ui.note": "Headlines, Body Text",
      "cms.ui.placeholder": "#000"
    },
    "secondaryTextColor": {
      "displayName": "Secondary Text Color",
      "type": "color",
      "cms.ui.note": "Description Text",
      "cms.ui.placeholder": "#ffffff"
    },
    "bodyFont": {
      "displayName": "Body",
      "type": "text",
      "values": [
        {
          "label": "Montserrat",
          "value": "Montserrat"
        },
        {
          "label": "Merriweather",
          "value": "Merriweather"
        },
        {
          "label": "Raleway",
          "value": "Raleway"
        }
      ],
      "cms.ui.dropDown": true,
      "cms.ui.placeholder": "Raleway"
    },
    "alignment": {
      "type": "text",
      "displayName": "Title alignment",
      "cms.ui.note": "Select preferred alignment.",
      "cms.ui.dropDown": true,
      "values": [
        {
          "label": "Left",
          "value": "left"
        },
        {
          "label": "Middle",
          "value": "middle"
        },
        {
          "label": "Right",
          "value": "right"
        }
      ]
    }
  },
  "colorPalette": {
    "colorOne": {
      "displayName": "Color 1",
      "type": "color"
    },
    "colorTwo": {
      "displayName": "Color 2",
      "type": "color"
    },
    "colorThree": {
      "displayName": "Color 3",
      "type": "color"
    },
    "colorFour": {
      "displayName": "Color 4",
      "type": "color"
    }
  },
  "name": "theming example configuration",
  "version": "1.0.0"
}